"scenario","N","T","r","K","SNR_target","sigma2","N1k","T1k","c_ell","c_u","rep","method","mu_true","mu_hat","sq_err"
"window",100,80,6,50,1,0.0036,70,60,0.669024161171849,1.21279086746283,1,"real_pool",-0.0197961833070371,-0.0393232906319789,0.000381307920479796
"window",100,80,6,50,1,0.0036,70,60,0.669024161171849,1.21279086746283,1,"oracle_pool",-0.0197961833070371,-0.0202646828234659,2.19491796893977e-07
"window",100,80,6,50,1,0.0036,70,60,0.669024161171849,1.21279086746283,1,"oracle_local",-0.0197961833070371,-0.0419274567519777,0.00048979326429473
"window",100,80,6,50,1,0.0036,70,60,0.695517045216317,1.2188966975474,2,"real_pool",-0.16164179615877,-0.182979073448162,0.000455279402124434
"window",100,80,6,50,1,0.0036,70,60,0.695517045216317,1.2188966975474,2,"oracle_pool",-0.16164179615877,-0.1575546807511,1.67045123556122e-05
"window",100,80,6,50,1,0.0036,70,60,0.695517045216317,1.2188966975474,2,"oracle_local",-0.16164179615877,-0.194285492590858,0.00106561091675037
"window",100,80,6,50,1,0.0036,70,60,0.693346639737379,1.25117488919921,3,"real_pool",0.00398894523746003,-0.026419687171768,0.00092468492499955
"window",100,80,6,50,1,0.0036,70,60,0.693346639737379,1.25117488919921,3,"oracle_pool",0.00398894523746003,0.0111664726845951,5.15169002543772e-05
"window",100,80,6,50,1,0.0036,70,60,0.693346639737379,1.25117488919921,3,"oracle_local",0.00398894523746003,-0.0331344287446822,0.001378144895818
"window",100,80,6,50,1,0.0036,70,60,0.811342632512082,1.22621607535997,4,"real_pool",0.0783229991739476,0.143039979748469,0.00418828757468292
"window",100,80,6,50,1,0.0036,70,60,0.811342632512082,1.22621607535997,4,"oracle_pool",0.0783229991739476,0.0746263651152617,1.36651033638363e-05
"window",100,80,6,50,1,0.0036,70,60,0.811342632512082,1.22621607535997,4,"oracle_local",0.0783229991739476,0.13583277913975,0.00330737479171503
"window",100,80,6,50,1,0.0036,70,60,0.699502414191655,1.31782752294844,5,"real_pool",-0.237344388610477,-0.247458956281065,0.000102304479162902
"window",100,80,6,50,1,0.0036,70,60,0.699502414191655,1.31782752294844,5,"oracle_pool",-0.237344388610477,-0.255788441135212,0.000340183073535163
"window",100,80,6,50,1,0.0036,70,60,0.699502414191655,1.31782752294844,5,"oracle_local",-0.237344388610477,-0.239181824038018,3.37616895038135e-06
"window",100,80,6,50,1,0.0036,70,60,0.518236478773944,1.22667018738596,6,"real_pool",-0.119941863565972,-0.145859874265514,0.000671743278621566
"window",100,80,6,50,1,0.0036,70,60,0.518236478773944,1.22667018738596,6,"oracle_pool",-0.119941863565972,-0.115413518005272,2.05059135171094e-05
"window",100,80,6,50,1,0.0036,70,60,0.518236478773944,1.22667018738596,6,"oracle_local",-0.119941863565972,-0.159471699748615,0.00156260794862661
"window",100,80,6,50,1,0.0036,70,60,0.731635980199323,1.26016935764202,7,"real_pool",-0.0803626701424764,-0.0875369450537718,5.14702205028419e-05
"window",100,80,6,50,1,0.0036,70,60,0.731635980199323,1.26016935764202,7,"oracle_pool",-0.0803626701424764,-0.0892286050142887,7.8604801151217e-05
"window",100,80,6,50,1,0.0036,70,60,0.731635980199323,1.26016935764202,7,"oracle_local",-0.0803626701424764,-0.0802833477005642,6.29204979092221e-09
"window",100,80,6,50,1,0.0036,70,60,0.817488413327945,1.24108961560849,8,"real_pool",-0.049748645744536,-0.0704549780476054,0.00042875219744514
"window",100,80,6,50,1,0.0036,70,60,0.817488413327945,1.24108961560849,8,"oracle_pool",-0.049748645744536,-0.0504697972818274,5.20059539737873e-07
"window",100,80,6,50,1,0.0036,70,60,0.817488413327945,1.24108961560849,8,"oracle_local",-0.049748645744536,-0.07063771241547,0.000436353106382726
"window",100,80,6,50,1,0.0036,70,60,0.716455982130914,1.27802229709147,9,"real_pool",-0.308102656433238,-0.315184915705055,5.01583963932378e-05
"window",100,80,6,50,1,0.0036,70,60,0.716455982130914,1.27802229709147,9,"oracle_pool",-0.308102656433238,-0.303453870756207,2.16112082709683e-05
"window",100,80,6,50,1,0.0036,70,60,0.716455982130914,1.27802229709147,9,"oracle_local",-0.308102656433238,-0.331950225873556,0.000568706568210785
"window",100,80,6,50,1,0.0036,70,60,0.691394104147592,1.26906447033594,10,"real_pool",0.262822566345579,0.295930680375318,0.0010961472146062
"window",100,80,6,50,1,0.0036,70,60,0.691394104147592,1.26906447033594,10,"oracle_pool",0.262822566345579,0.246819891222208,0.000256085611104182
"window",100,80,6,50,1,0.0036,70,60,0.691394104147592,1.26906447033594,10,"oracle_local",0.262822566345579,0.330803933456405,0.00462146627425679
"window",100,80,6,50,1,0.0036,70,60,0.670081345760285,1.21205243775171,11,"real_pool",-0.438973794923394,-0.486148502117383,0.0022254529988386
"window",100,80,6,50,1,0.0036,70,60,0.670081345760285,1.21205243775171,11,"oracle_pool",-0.438973794923394,-0.429845142135595,8.33323017201825e-05
"window",100,80,6,50,1,0.0036,70,60,0.670081345760285,1.21205243775171,11,"oracle_local",-0.438973794923394,-0.504848772097998,0.00433951261775461
"window",100,80,6,50,1,0.0036,70,60,0.70237851736434,1.25546816952765,12,"real_pool",0.00254205818544834,-0.0126532154805453,0.000230896341784439
"window",100,80,6,50,1,0.0036,70,60,0.70237851736434,1.25546816952765,12,"oracle_pool",0.00254205818544834,-0.00129472310829903,1.47208906960498e-05
"window",100,80,6,50,1,0.0036,70,60,0.70237851736434,1.25546816952765,12,"oracle_local",0.00254205818544834,-0.0231019093621316,0.000657613071581335
"window",100,80,6,50,1,0.0036,70,60,0.575119666505127,1.23211357957028,13,"real_pool",0.0515178241386025,0.089399713495059,0.00143503754121481
"window",100,80,6,50,1,0.0036,70,60,0.575119666505127,1.23211357957028,13,"oracle_pool",0.0515178241386025,0.0368226630338982,0.000215947759893214
"window",100,80,6,50,1,0.0036,70,60,0.575119666505127,1.23211357957028,13,"oracle_local",0.0515178241386025,0.0978574669901782,0.00214736249961159
"window",100,80,6,50,1,0.0036,70,60,0.763998349706078,1.28231144711041,14,"real_pool",-0.171996279468547,-0.180641343886823,7.47371387961414e-05
"window",100,80,6,50,1,0.0036,70,60,0.763998349706078,1.28231144711041,14,"oracle_pool",-0.171996279468547,-0.176616002421349,2.13418401606446e-05
"window",100,80,6,50,1,0.0036,70,60,0.763998349706078,1.28231144711041,14,"oracle_local",-0.171996279468547,-0.187041539313581,0.000226359843804581
"window",100,80,6,50,1,0.0036,70,60,0.706158449930947,1.23336559495448,15,"real_pool",0.311015519095923,0.300290444144041,0.000115027232723499
"window",100,80,6,50,1,0.0036,70,60,0.706158449930947,1.23336559495448,15,"oracle_pool",0.311015519095923,0.311767006175899,5.64732831369802e-07
"window",100,80,6,50,1,0.0036,70,60,0.706158449930947,1.23336559495448,15,"oracle_local",0.311015519095923,0.287774690760081,0.000540136101736087
"window",100,80,6,50,1,0.0036,70,60,0.699418833559383,1.25092021740625,16,"real_pool",0.0254403221417241,0.0171348986405877,6.89800595332277e-05
"window",100,80,6,50,1,0.0036,70,60,0.699418833559383,1.25092021740625,16,"oracle_pool",0.0254403221417241,0.0367893258215947,0.000128799884525718
"window",100,80,6,50,1,0.0036,70,60,0.699418833559383,1.25092021740625,16,"oracle_local",0.0254403221417241,0.000303121052740336,0.000631878878588005
"window",100,80,6,50,1,0.0036,70,60,0.669204711640767,1.27179805794547,17,"real_pool",0.0161734767554244,0.0219816379859562,3.37347368798526e-05
"window",100,80,6,50,1,0.0036,70,60,0.669204711640767,1.27179805794547,17,"oracle_pool",0.0161734767554244,0.00659772231145072,9.16950731712822e-05
"window",100,80,6,50,1,0.0036,70,60,0.669204711640767,1.27179805794547,17,"oracle_local",0.0161734767554244,0.03140544819635,0.000232012953977173
"window",100,80,6,50,1,0.0036,70,60,0.587888916991945,1.22006852350117,18,"real_pool",-0.0525843943549151,-0.0440016662600571,7.36632215502641e-05
"window",100,80,6,50,1,0.0036,70,60,0.587888916991945,1.22006852350117,18,"oracle_pool",-0.0525843943549151,-0.0679783161695856,0.000236972828836188
"window",100,80,6,50,1,0.0036,70,60,0.587888916991945,1.22006852350117,18,"oracle_local",-0.0525843943549151,-0.0389757942016458,0.00018519399813156
"window",100,80,6,50,1,0.0036,70,60,0.66303148293766,1.19127268011546,19,"real_pool",-0.067993667008627,-0.0920558423225025,0.000578988280835678
"window",100,80,6,50,1,0.0036,70,60,0.66303148293766,1.19127268011546,19,"oracle_pool",-0.067993667008627,-0.0738483490212508,3.42773014689401e-05
"window",100,80,6,50,1,0.0036,70,60,0.66303148293766,1.19127268011546,19,"oracle_local",-0.067993667008627,-0.0922351210341755,0.000587648093272779
"window",100,80,6,50,1,0.0036,70,60,0.651931686534234,1.19014760087272,20,"real_pool",0.0709448819049386,0.103496722455415,0.00105962232322365
"window",100,80,6,50,1,0.0036,70,60,0.651931686534234,1.19014760087272,20,"oracle_pool",0.0709448819049386,0.0806935402031964,9.50363386161896e-05
"window",100,80,6,50,1,0.0036,70,60,0.651931686534234,1.19014760087272,20,"oracle_local",0.0709448819049386,0.090362771340873,0.00037705443014617
"window",100,80,6,150,1,0.0036,70,60,0.788474771719438,1.23561988714508,1,"real_pool",-0.304356895560147,-0.311813845671678,5.56061049658634e-05
"window",100,80,6,150,1,0.0036,70,60,0.788474771719438,1.23561988714508,1,"oracle_pool",-0.304356895560147,-0.312419250417678,6.50015658487615e-05
"window",100,80,6,150,1,0.0036,70,60,0.788474771719438,1.23561988714508,1,"oracle_local",-0.304356895560147,-0.297498266056536,4.70407986677993e-05
"window",100,80,6,150,1,0.0036,70,60,0.675441734927251,1.23982449263916,2,"real_pool",-0.249157580563069,-0.170967455214469,0.00611369570202968
"window",100,80,6,150,1,0.0036,70,60,0.675441734927251,1.23982449263916,2,"oracle_pool",-0.249157580563069,-0.253525161018162,1.90757590317138e-05
"window",100,80,6,150,1,0.0036,70,60,0.675441734927251,1.23982449263916,2,"oracle_local",-0.249157580563069,-0.170407006672783,0.00620165288804933
"window",100,80,6,150,1,0.0036,70,60,0.709778063640042,1.25989078548319,3,"real_pool",-0.186670521873883,-0.190216260547918,1.25722627445456e-05
"window",100,80,6,150,1,0.0036,70,60,0.709778063640042,1.25989078548319,3,"oracle_pool",-0.186670521873883,-0.178136206696252,7.28345355511439e-05
"window",100,80,6,150,1,0.0036,70,60,0.709778063640042,1.25989078548319,3,"oracle_local",-0.186670521873883,-0.193118136422662,4.15717333696214e-05
"window",100,80,6,150,1,0.0036,70,60,0.742135894156158,1.2370346062671,4,"real_pool",0.162670181688018,0.182756577768124,0.000403463307486895
"window",100,80,6,150,1,0.0036,70,60,0.742135894156158,1.2370346062671,4,"oracle_pool",0.162670181688018,0.165895871610747,1.04050754775928e-05
"window",100,80,6,150,1,0.0036,70,60,0.742135894156158,1.2370346062671,4,"oracle_local",0.162670181688018,0.184923450314186,0.000495207964548382
"window",100,80,6,150,1,0.0036,70,60,0.867573377354611,1.23978687740355,5,"real_pool",0.0880562685350682,0.13517250311208,0.00221993956071596
"window",100,80,6,150,1,0.0036,70,60,0.867573377354611,1.23978687740355,5,"oracle_pool",0.0880562685350682,0.0944548282881272,4.09415669134659e-05
"window",100,80,6,150,1,0.0036,70,60,0.867573377354611,1.23978687740355,5,"oracle_local",0.0880562685350682,0.127085441259163,0.00152327632352723
"window",100,80,6,150,1,0.0036,70,60,0.709268174771129,1.21122820489441,6,"real_pool",0.316186063526072,0.223209818107468,0.00864458221214058
"window",100,80,6,150,1,0.0036,70,60,0.709268174771129,1.21122820489441,6,"oracle_pool",0.316186063526072,0.316947037150164,5.79080856563795e-07
"window",100,80,6,150,1,0.0036,70,60,0.709268174771129,1.21122820489441,6,"oracle_local",0.316186063526072,0.220720500730028,0.00911367367996554
"window",100,80,6,150,1,0.0036,70,60,0.775336490855277,1.34672069033032,7,"real_pool",-0.204525814348986,-0.25723435010482,0.00277818974152407
"window",100,80,6,150,1,0.0036,70,60,0.775336490855277,1.34672069033032,7,"oracle_pool",-0.204525814348986,-0.207734082090455,1.02929819009503e-05
"window",100,80,6,150,1,0.0036,70,60,0.775336490855277,1.34672069033032,7,"oracle_local",-0.204525814348986,-0.248510301307665,0.00193463509301823
"window",100,80,6,150,1,0.0036,70,60,0.64093803810533,1.22967340772726,8,"real_pool",0.229706646947712,0.161387017291186,0.00466757179640495
"window",100,80,6,150,1,0.0036,70,60,0.64093803810533,1.22967340772726,8,"oracle_pool",0.229706646947712,0.236219169578769,4.24129510200271e-05
"window",100,80,6,150,1,0.0036,70,60,0.64093803810533,1.22967340772726,8,"oracle_local",0.229706646947712,0.159996367403257,0.00485952307416609
"window",100,80,6,150,1,0.0036,70,60,0.814047719926472,1.22588407088269,9,"real_pool",0.23881251829429,0.254908275311836,0.000259073393967856
"window",100,80,6,150,1,0.0036,70,60,0.814047719926472,1.22588407088269,9,"oracle_pool",0.23881251829429,0.240737325245406,3.70488179906284e-06
"window",100,80,6,150,1,0.0036,70,60,0.814047719926472,1.22588407088269,9,"oracle_local",0.23881251829429,0.259348064196907,0.000421708645518487
"window",100,80,6,150,1,0.0036,70,60,0.619610616473773,1.19118346650271,10,"real_pool",-0.00871614365907819,0.0697724860967351,0.00616046500094514
"window",100,80,6,150,1,0.0036,70,60,0.619610616473773,1.19118346650271,10,"oracle_pool",-0.00871614365907819,-0.012941069213602,1.78499959412687e-05
"window",100,80,6,150,1,0.0036,70,60,0.619610616473773,1.19118346650271,10,"oracle_local",-0.00871614365907819,0.0771239969555408,0.00736852974073755
"window",100,80,6,150,1,0.0036,70,60,0.817763744160346,1.28510030969183,11,"real_pool",-0.0710907567374746,-0.0887651699482608,0.000312384882345616
"window",100,80,6,150,1,0.0036,70,60,0.817763744160346,1.28510030969183,11,"oracle_pool",-0.0710907567374746,-0.0738803339865984,7.78174122882922e-06
"window",100,80,6,150,1,0.0036,70,60,0.817763744160346,1.28510030969183,11,"oracle_local",-0.0710907567374746,-0.100033137309048,0.000837661393149785
"window",100,80,6,150,1,0.0036,70,60,0.726216196388155,1.26511137925201,12,"real_pool",0.222670560307137,0.233037395276709,0.000107471267286333
"window",100,80,6,150,1,0.0036,70,60,0.726216196388155,1.26511137925201,12,"oracle_pool",0.222670560307137,0.222487607550486,3.34717111664053e-08
"window",100,80,6,150,1,0.0036,70,60,0.726216196388155,1.26511137925201,12,"oracle_local",0.222670560307137,0.225899408690854,1.04254618850269e-05
"window",100,80,6,150,1,0.0036,70,60,0.732896426575828,1.19466219796282,13,"real_pool",0.310823755517284,0.352306149795195,0.00172078903502807
"window",100,80,6,150,1,0.0036,70,60,0.732896426575828,1.19466219796282,13,"oracle_pool",0.310823755517284,0.318737491093451,6.26272107694857e-05
"window",100,80,6,150,1,0.0036,70,60,0.732896426575828,1.19466219796282,13,"oracle_local",0.310823755517284,0.347867679920061,0.00137225233515865
"window",100,80,6,150,1,0.0036,70,60,0.758324540505463,1.23622073401631,14,"real_pool",-0.285367597987898,-0.285925546326945,3.11306349044982e-07
"window",100,80,6,150,1,0.0036,70,60,0.758324540505463,1.23622073401631,14,"oracle_pool",-0.285367597987898,-0.287572777159476,4.86281517876206e-06
"window",100,80,6,150,1,0.0036,70,60,0.758324540505463,1.23622073401631,14,"oracle_local",-0.285367597987898,-0.282859286027207,6.29162889214531e-06
"window",100,80,6,150,1,0.0036,70,60,0.805236010042435,1.26230890374528,15,"real_pool",-0.36798411285997,-0.414915380490189,0.00220254388137917
"window",100,80,6,150,1,0.0036,70,60,0.805236010042435,1.26230890374528,15,"oracle_pool",-0.36798411285997,-0.364918635662183,9.39715045015301e-06
"window",100,80,6,150,1,0.0036,70,60,0.805236010042435,1.26230890374528,15,"oracle_local",-0.36798411285997,-0.419000499153326,0.00260267167043283
"window",100,80,6,150,1,0.0036,70,60,0.615732091676468,1.250418305672,16,"real_pool",0.0771919245640369,0.1757974020833,0.00972304019680186
"window",100,80,6,150,1,0.0036,70,60,0.615732091676468,1.250418305672,16,"oracle_pool",0.0771919245640369,0.0812065740069512,1.61174101494923e-05
"window",100,80,6,150,1,0.0036,70,60,0.615732091676468,1.250418305672,16,"oracle_local",0.0771919245640369,0.168136490685427,0.00827091410700786
"window",100,80,6,150,1,0.0036,70,60,0.75011079010972,1.24783268501999,17,"real_pool",-0.28269389416994,-0.231606182628574,0.00260995427053381
"window",100,80,6,150,1,0.0036,70,60,0.75011079010972,1.24783268501999,17,"oracle_pool",-0.28269389416994,-0.280824814386654,3.49345923628777e-06
"window",100,80,6,150,1,0.0036,70,60,0.75011079010972,1.24783268501999,17,"oracle_local",-0.28269389416994,-0.236654286981117,0.00211964543010114
"window",100,80,6,150,1,0.0036,70,60,0.55874164986392,1.24190317387866,18,"real_pool",-0.077950618312913,-0.0621928383001849,0.000248307630929534
"window",100,80,6,150,1,0.0036,70,60,0.55874164986392,1.24190317387866,18,"oracle_pool",-0.077950618312913,-0.0776316902713627,1.01715095687128e-07
"window",100,80,6,150,1,0.0036,70,60,0.55874164986392,1.24190317387866,18,"oracle_local",-0.077950618312913,-0.071691116313275,3.91813652834724e-05
"window",100,80,6,150,1,0.0036,70,60,0.751371143304578,1.23597792997397,19,"real_pool",-0.398378094945838,-0.37361762193453,0.000613081023743718
"window",100,80,6,150,1,0.0036,70,60,0.751371143304578,1.23597792997397,19,"oracle_pool",-0.398378094945838,-0.403438835467258,2.56110946251477e-05
"window",100,80,6,150,1,0.0036,70,60,0.751371143304578,1.23597792997397,19,"oracle_local",-0.398378094945838,-0.369207068050466,0.0008509488101305
"window",100,80,6,150,1,0.0036,70,60,0.693540836977827,1.22065825872733,20,"real_pool",0.0317579465689864,0.0557644620196452,0.000576312784082718
"window",100,80,6,150,1,0.0036,70,60,0.693540836977827,1.22065825872733,20,"oracle_pool",0.0317579465689864,0.0378167026625639,3.67085254014622e-05
"window",100,80,6,150,1,0.0036,70,60,0.693540836977827,1.22065825872733,20,"oracle_local",0.0317579465689864,0.0518448326256545,0.000403482991453566
"window",100,80,6,300,1,0.0036,70,60,0.661888830154393,1.24210917227661,1,"real_pool",-0.269543259808397,-0.239701344873078,0.00089053988700678
"window",100,80,6,300,1,0.0036,70,60,0.661888830154393,1.24210917227661,1,"oracle_pool",-0.269543259808397,-0.276914368859842,5.4333248648292e-05
"window",100,80,6,300,1,0.0036,70,60,0.661888830154393,1.24210917227661,1,"oracle_local",-0.269543259808397,-0.239590423034785,0.000897172430786663
"window",100,80,6,300,1,0.0036,70,60,0.755172925021339,1.23294551074777,2,"real_pool",-0.0175074149728325,-0.0309657487106386,0.00018112674699817
"window",100,80,6,300,1,0.0036,70,60,0.755172925021339,1.23294551074777,2,"oracle_pool",-0.0175074149728325,-0.0143091279319261,1.02290399960298e-05
"window",100,80,6,300,1,0.0036,70,60,0.755172925021339,1.23294551074777,2,"oracle_local",-0.0175074149728325,-0.0268371438951361,8.70438417636694e-05
"window",100,80,6,300,1,0.0036,70,60,0.835996710901605,1.26426066232956,3,"real_pool",-0.146607926525683,-0.160472339484816,0.000192221946701388
"window",100,80,6,300,1,0.0036,70,60,0.835996710901605,1.26426066232956,3,"oracle_pool",-0.146607926525683,-0.148020479878001,1.99530697314699e-06
"window",100,80,6,300,1,0.0036,70,60,0.835996710901605,1.26426066232956,3,"oracle_local",-0.146607926525683,-0.157652946081762,0.000121992456994176
"window",100,80,6,300,1,0.0036,70,60,0.655198519219027,1.25906538318885,4,"real_pool",0.240177540018249,0.236160806644814,1.61341469932661e-05
"window",100,80,6,300,1,0.0036,70,60,0.655198519219027,1.25906538318885,4,"oracle_pool",0.240177540018249,0.243702478085227,1.24251883760297e-05
"window",100,80,6,300,1,0.0036,70,60,0.655198519219027,1.25906538318885,4,"oracle_local",0.240177540018249,0.234735822841265,2.96122858342923e-05
"window",100,80,6,300,1,0.0036,70,60,0.668146507163004,1.27384650974688,5,"real_pool",-0.311056820145715,-0.271216527666345,0.00158724890484175
"window",100,80,6,300,1,0.0036,70,60,0.668146507163004,1.27384650974688,5,"oracle_pool",-0.311056820145715,-0.315597538065215,2.06181192244599e-05
"window",100,80,6,300,1,0.0036,70,60,0.668146507163004,1.27384650974688,5,"oracle_local",-0.311056820145715,-0.270109168810888,0.00167671014983862
"window",100,80,6,300,1,0.0036,70,60,0.777025611809028,1.19938882840561,6,"real_pool",0.051817728744603,0.0807861789844462,0.000839171109298269
"window",100,80,6,300,1,0.0036,70,60,0.777025611809028,1.19938882840561,6,"oracle_pool",0.051817728744603,0.054102376111498,5.21961359106023e-06
"window",100,80,6,300,1,0.0036,70,60,0.777025611809028,1.19938882840561,6,"oracle_local",0.051817728744603,0.0780030758363349,0.000685672402314473
"window",100,80,6,300,1,0.0036,70,60,0.580647894924879,1.23243162023496,7,"real_pool",-0.306250394108316,-0.297141368406402,8.29743492381373e-05
"window",100,80,6,300,1,0.0036,70,60,0.580647894924879,1.23243162023496,7,"oracle_pool",-0.306250394108316,-0.306280386161962,8.99523281901858e-10
"window",100,80,6,300,1,0.0036,70,60,0.580647894924879,1.23243162023496,7,"oracle_local",-0.306250394108316,-0.298046651058706,6.73014000240266e-05
"window",100,80,6,300,1,0.0036,70,60,0.656568626711535,1.20956588808089,8,"real_pool",0.19997588828304,0.145316454167607,0.0029876537378193
"window",100,80,6,300,1,0.0036,70,60,0.656568626711535,1.20956588808089,8,"oracle_pool",0.19997588828304,0.201428913539813,2.11128239682247e-06
"window",100,80,6,300,1,0.0036,70,60,0.656568626711535,1.20956588808089,8,"oracle_local",0.19997588828304,0.146958548185755,0.0028108383509911
"window",100,80,6,300,1,0.0036,70,60,0.676219178707416,1.25200845156659,9,"real_pool",0.191757187744198,0.148196920961627,0.00189749684216871
"window",100,80,6,300,1,0.0036,70,60,0.676219178707416,1.25200845156659,9,"oracle_pool",0.191757187744198,0.188644049626277,9.69162894125336e-06
"window",100,80,6,300,1,0.0036,70,60,0.676219178707416,1.25200845156659,9,"oracle_local",0.191757187744198,0.153642888564758,0.00145269980193985
"window",100,80,6,300,1,0.0036,70,60,0.693021107519458,1.28173545326187,10,"real_pool",0.626186224176239,0.579114919154906,0.00221570775641141
"window",100,80,6,300,1,0.0036,70,60,0.693021107519458,1.28173545326187,10,"oracle_pool",0.626186224176239,0.620895723364943,2.7989398834319e-05
"window",100,80,6,300,1,0.0036,70,60,0.693021107519458,1.28173545326187,10,"oracle_local",0.626186224176239,0.58401612331962,0.00177831740625738
"window",100,80,6,300,1,0.0036,70,60,0.813384273003781,1.30706709881105,11,"real_pool",-0.116521121692731,-0.153098764031262,0.00133792391904545
"window",100,80,6,300,1,0.0036,70,60,0.813384273003781,1.30706709881105,11,"oracle_pool",-0.116521121692731,-0.118716912287778,4.82149633729442e-06
"window",100,80,6,300,1,0.0036,70,60,0.813384273003781,1.30706709881105,11,"oracle_local",-0.116521121692731,-0.156421667151,0.00159205352786738
"window",100,80,6,300,1,0.0036,70,60,0.714450541860516,1.20348879670493,12,"real_pool",-0.0414507542670722,-0.0269897258700522,0.000209121342299419
"window",100,80,6,300,1,0.0036,70,60,0.714450541860516,1.20348879670493,12,"oracle_pool",-0.0414507542670722,-0.0443667581394604,8.50307858378268e-06
"window",100,80,6,300,1,0.0036,70,60,0.714450541860516,1.20348879670493,12,"oracle_local",-0.0414507542670722,-0.0258907128836356,0.00024211488785426
"window",100,80,6,300,1,0.0036,70,60,0.689643088812686,1.23347594990618,13,"real_pool",-0.161675386375431,-0.17321018695476,0.000133051624404877
"window",100,80,6,300,1,0.0036,70,60,0.689643088812686,1.23347594990618,13,"oracle_pool",-0.161675386375431,-0.161277345582929,1.58436472495419e-07
"window",100,80,6,300,1,0.0036,70,60,0.689643088812686,1.23347594990618,13,"oracle_local",-0.161675386375431,-0.166962082172539,2.79491524511588e-05
"window",100,80,6,300,1,0.0036,70,60,0.758239447981506,1.21557740190532,14,"real_pool",-0.130310601496936,-0.0905777975914225,0.00157869570619401
"window",100,80,6,300,1,0.0036,70,60,0.758239447981506,1.21557740190532,14,"oracle_pool",-0.130310601496936,-0.13558616976532,2.78316205543751e-05
"window",100,80,6,300,1,0.0036,70,60,0.758239447981506,1.21557740190532,14,"oracle_local",-0.130310601496936,-0.0823939586677834,0.00229600466001662
"window",100,80,6,300,1,0.0036,70,60,0.575348997520228,1.2590303175358,15,"real_pool",-0.2231226423633,-0.130637767622045,0.00855345205590569
"window",100,80,6,300,1,0.0036,70,60,0.575348997520228,1.2590303175358,15,"oracle_pool",-0.2231226423633,-0.218842873448502,1.8316421964076e-05
"window",100,80,6,300,1,0.0036,70,60,0.575348997520228,1.2590303175358,15,"oracle_local",-0.2231226423633,-0.142993829049328,0.00642062672310538
"window",100,80,6,300,1,0.0036,70,60,0.695944489851057,1.21044761105257,16,"real_pool",-0.257381646597936,-0.197010470090177,0.00364467895293098
"window",100,80,6,300,1,0.0036,70,60,0.695944489851057,1.21044761105257,16,"oracle_pool",-0.257381646597936,-0.255145237904777,5.00152384283763e-06
"window",100,80,6,300,1,0.0036,70,60,0.695944489851057,1.21044761105257,16,"oracle_local",-0.257381646597936,-0.196445664202634,0.0037131939504805
"window",100,80,6,300,1,0.0036,70,60,0.64252771262693,1.27681420857915,17,"real_pool",-0.0140171506132229,-0.00155617659464129,0.000155275873491765
"window",100,80,6,300,1,0.0036,70,60,0.64252771262693,1.27681420857915,17,"oracle_pool",-0.0140171506132229,-0.0125203182519774,2.24050711767162e-06
"window",100,80,6,300,1,0.0036,70,60,0.64252771262693,1.27681420857915,17,"oracle_local",-0.0140171506132229,-0.0078810339648821,3.76519275220445e-05
"window",100,80,6,300,1,0.0036,70,60,0.769306701076401,1.22221313965517,18,"real_pool",-0.0641240952698401,-0.0394171285651805,0.000610434203745162
"window",100,80,6,300,1,0.0036,70,60,0.769306701076401,1.22221313965517,18,"oracle_pool",-0.0641240952698401,-0.0642171052482101,8.65085607637517e-09
"window",100,80,6,300,1,0.0036,70,60,0.769306701076401,1.22221313965517,18,"oracle_local",-0.0641240952698401,-0.0400186263857877,0.000581073630120022
"window",100,80,6,300,1,0.0036,70,60,0.645026363247322,1.24569273456082,19,"real_pool",-0.438166234527384,-0.489360047157941,0.00262080645165257
"window",100,80,6,300,1,0.0036,70,60,0.645026363247322,1.24569273456082,19,"oracle_pool",-0.438166234527384,-0.437660263113637,2.56007071528944e-07
"window",100,80,6,300,1,0.0036,70,60,0.645026363247322,1.24569273456082,19,"oracle_local",-0.438166234527384,-0.485323093907242,0.00222376938657169
"window",100,80,6,300,1,0.0036,70,60,0.773272047959202,1.26279951349787,20,"real_pool",-0.323178221655389,-0.314329558329291,7.82988426586222e-05
"window",100,80,6,300,1,0.0036,70,60,0.773272047959202,1.26279951349787,20,"oracle_pool",-0.323178221655389,-0.322638978691788,2.90782973792381e-07
"window",100,80,6,300,1,0.0036,70,60,0.773272047959202,1.26279951349787,20,"oracle_local",-0.323178221655389,-0.317926584865791,2.75796889698575e-05
"window",100,80,6,500,1,0.0036,70,60,0.720019036494964,1.23386173031689,1,"real_pool",-0.482746614500489,-0.490925537541958,6.68947821182661e-05
"window",100,80,6,500,1,0.0036,70,60,0.720019036494964,1.23386173031689,1,"oracle_pool",-0.482746614500489,-0.484391616812572,2.70603260675779e-06
"window",100,80,6,500,1,0.0036,70,60,0.720019036494964,1.23386173031689,1,"oracle_local",-0.482746614500489,-0.488804763210006,3.67011657866143e-05
"window",100,80,6,500,1,0.0036,70,60,0.730799813259286,1.27373976925322,2,"real_pool",-0.197331361403112,-0.162661002276744,0.00120203380195132
"window",100,80,6,500,1,0.0036,70,60,0.730799813259286,1.27373976925322,2,"oracle_pool",-0.197331361403112,-0.196494247623328,7.00759480303027e-07
"window",100,80,6,500,1,0.0036,70,60,0.730799813259286,1.27373976925322,2,"oracle_local",-0.197331361403112,-0.162668686377147,0.00120150103995561
"window",100,80,6,500,1,0.0036,70,60,0.666821586344311,1.26061104433243,3,"real_pool",0.206921131584792,0.232226426706945,0.000640357961219278
"window",100,80,6,500,1,0.0036,70,60,0.666821586344311,1.26061104433243,3,"oracle_pool",0.206921131584792,0.20032518768852,4.35064758827634e-05
"window",100,80,6,500,1,0.0036,70,60,0.666821586344311,1.26061104433243,3,"oracle_local",0.206921131584792,0.235283339822647,0.000804414856127481
"window",100,80,6,500,1,0.0036,70,60,0.668701776209236,1.26631911509375,4,"real_pool",-0.0911834755301965,-0.0104531383722096,0.00651738733764224
"window",100,80,6,500,1,0.0036,70,60,0.668701776209236,1.26631911509375,4,"oracle_pool",-0.0911834755301965,-0.0926643098473777,2.19287027494134e-06
"window",100,80,6,500,1,0.0036,70,60,0.668701776209236,1.26631911509375,4,"oracle_local",-0.0911834755301965,-0.00947779563927277,0.0066758181264381
"window",100,80,6,500,1,0.0036,70,60,0.755497333138893,1.2328674570841,5,"real_pool",0.334122075361774,0.380319066864253,0.00213416202388011
"window",100,80,6,500,1,0.0036,70,60,0.755497333138893,1.2328674570841,5,"oracle_pool",0.334122075361774,0.329297390646301,2.32775826037175e-05
"window",100,80,6,500,1,0.0036,70,60,0.755497333138893,1.2328674570841,5,"oracle_local",0.334122075361774,0.381418799486597,0.00223698011293957
"window",100,80,6,500,1,0.0036,70,60,0.596251495648958,1.2059071416783,6,"real_pool",0.0829329442650494,0.102206681846597,0.000371476960362367
"window",100,80,6,500,1,0.0036,70,60,0.596251495648958,1.2059071416783,6,"oracle_pool",0.0829329442650494,0.0810730758504582,3.45911051959391e-06
"window",100,80,6,500,1,0.0036,70,60,0.596251495648958,1.2059071416783,6,"oracle_local",0.0829329442650494,0.102271107419617,0.000373964554192683
"window",100,80,6,500,1,0.0036,70,60,0.840231445403517,1.27869220103769,7,"real_pool",0.0373478504103667,0.060832110050374,0.000551510450839274
"window",100,80,6,500,1,0.0036,70,60,0.840231445403517,1.27869220103769,7,"oracle_pool",0.0373478504103667,0.0372262221840974,1.47934254254128e-08
"window",100,80,6,500,1,0.0036,70,60,0.840231445403517,1.27869220103769,7,"oracle_local",0.0373478504103667,0.0611752417909297,0.000567744580002525
"window",100,80,6,500,1,0.0036,70,60,0.611271970847524,1.28268951533758,8,"real_pool",-0.106767375423362,-0.166549529233502,0.00357390591417933
"window",100,80,6,500,1,0.0036,70,60,0.611271970847524,1.28268951533758,8,"oracle_pool",-0.106767375423362,-0.11121877796774,1.98149846120986e-05
"window",100,80,6,500,1,0.0036,70,60,0.611271970847524,1.28268951533758,8,"oracle_local",-0.106767375423362,-0.160838202864003,0.00292365438011558
"window",100,80,6,500,1,0.0036,70,60,0.756451581336755,1.24327267955247,9,"real_pool",-0.0345623648347956,-0.0468179307087582,0.000150198894891037
"window",100,80,6,500,1,0.0036,70,60,0.756451581336755,1.24327267955247,9,"oracle_pool",-0.0345623648347956,-0.037364069266846,7.84954772457092e-06
"window",100,80,6,500,1,0.0036,70,60,0.756451581336755,1.24327267955247,9,"oracle_local",-0.0345623648347956,-0.0447339996129031,0.000103462154059206
"window",100,80,6,500,1,0.0036,70,60,0.783562196641415,1.25459726414133,10,"real_pool",0.245546597907717,0.285632257087387,0.0016068600718687
"window",100,80,6,500,1,0.0036,70,60,0.783562196641415,1.25459726414133,10,"oracle_pool",0.245546597907717,0.248394837411919,8.11246827329916e-06
"window",100,80,6,500,1,0.0036,70,60,0.783562196641415,1.25459726414133,10,"oracle_local",0.245546597907717,0.281930308602176,0.0013237744038981
"window",100,80,6,500,1,0.0036,70,60,0.769011232546345,1.22371037898614,11,"real_pool",-0.0948072636858015,-0.0183134733548209,0.00585129995920002
"window",100,80,6,500,1,0.0036,70,60,0.769011232546345,1.22371037898614,11,"oracle_pool",-0.0948072636858015,-0.0985945852574709,1.43438046872323e-05
"window",100,80,6,500,1,0.0036,70,60,0.769011232546345,1.22371037898614,11,"oracle_local",-0.0948072636858015,-0.0142628616273609,0.00648740070295173
"window",100,80,6,500,1,0.0036,70,60,0.628695638173775,1.22288896633111,12,"real_pool",0.0499264715708025,0.0272462257629955,0.00051439354990255
"window",100,80,6,500,1,0.0036,70,60,0.628695638173775,1.22288896633111,12,"oracle_pool",0.0499264715708025,0.0496075461511149,1.01713423322904e-07
"window",100,80,6,500,1,0.0036,70,60,0.628695638173775,1.22288896633111,12,"oracle_local",0.0499264715708025,0.0337734372618326,0.000260920517386758
"window",100,80,6,500,1,0.0036,70,60,0.632267698656825,1.24286282219265,13,"real_pool",0.331462282381593,0.306497735562767,0.00062322859786931
"window",100,80,6,500,1,0.0036,70,60,0.632267698656825,1.24286282219265,13,"oracle_pool",0.331462282381593,0.329714683714279,3.05410110199514e-06
"window",100,80,6,500,1,0.0036,70,60,0.632267698656825,1.24286282219265,13,"oracle_local",0.331462282381593,0.309444661804771,0.000484775615864893
"window",100,80,6,500,1,0.0036,70,60,0.717150379317411,1.27519905829235,14,"real_pool",-0.0696376801135363,-0.00975532275351633,0.00358589672299313
"window",100,80,6,500,1,0.0036,70,60,0.717150379317411,1.27519905829235,14,"oracle_pool",-0.0696376801135363,-0.0730434539984125,1.15992957549052e-05
"window",100,80,6,500,1,0.0036,70,60,0.717150379317411,1.27519905829235,14,"oracle_local",-0.0696376801135363,-0.00550759305855979,0.00411266806567886
"window",100,80,6,500,1,0.0036,70,60,0.648295101234926,1.19779200538967,15,"real_pool",0.109589298277736,0.018581848501367,0.00828235591479834
"window",100,80,6,500,1,0.0036,70,60,0.648295101234926,1.19779200538967,15,"oracle_pool",0.109589298277736,0.110514014591182,8.55100260352489e-07
"window",100,80,6,500,1,0.0036,70,60,0.648295101234926,1.19779200538967,15,"oracle_local",0.109589298277736,0.0255677571271465,0.00705961937732023
"window",100,80,6,500,1,0.0036,70,60,0.571093146145932,1.28021876157149,16,"real_pool",0.416386307783692,0.43958203394633,0.000538041712212096
"window",100,80,6,500,1,0.0036,70,60,0.571093146145932,1.28021876157149,16,"oracle_pool",0.416386307783692,0.408014753527894,7.00829206577668e-05
"window",100,80,6,500,1,0.0036,70,60,0.571093146145932,1.28021876157149,16,"oracle_local",0.416386307783692,0.443250060834922,0.000721661227997458
"window",100,80,6,500,1,0.0036,70,60,0.769470616955844,1.23964038170307,17,"real_pool",-0.321536215207497,-0.310609910231983,0.000119384140417957
"window",100,80,6,500,1,0.0036,70,60,0.769470616955844,1.23964038170307,17,"oracle_pool",-0.321536215207497,-0.326978300024598,2.9616287156522e-05
"window",100,80,6,500,1,0.0036,70,60,0.769470616955844,1.23964038170307,17,"oracle_local",-0.321536215207497,-0.303673983694274,0.000319059314632
"window",100,80,6,500,1,0.0036,70,60,0.61799906455789,1.23762476167104,18,"real_pool",0.0429978952878766,0.0552975226324914,0.000151280832816398
"window",100,80,6,500,1,0.0036,70,60,0.61799906455789,1.23762476167104,18,"oracle_pool",0.0429978952878766,0.0461065331160498,9.66362914674991e-06
"window",100,80,6,500,1,0.0036,70,60,0.61799906455789,1.23762476167104,18,"oracle_local",0.0429978952878766,0.0503818425034643,5.45226764825864e-05
"window",100,80,6,500,1,0.0036,70,60,0.738318748391197,1.21706678743485,19,"real_pool",-0.413277781235432,-0.482165417793465,0.00474550647055173
"window",100,80,6,500,1,0.0036,70,60,0.738318748391197,1.21706678743485,19,"oracle_pool",-0.413277781235432,-0.416941156203702,1.34203161581494e-05
"window",100,80,6,500,1,0.0036,70,60,0.738318748391197,1.21706678743485,19,"oracle_local",-0.413277781235432,-0.480367994365414,0.00450109669782648
"window",100,80,6,500,1,0.0036,70,60,0.706284678002998,1.19292281941917,20,"real_pool",0.0603636871118534,0.00320166496391084,0.00326749677604187
"window",100,80,6,500,1,0.0036,70,60,0.706284678002998,1.19292281941917,20,"oracle_pool",0.0603636871118534,0.0636876098845614,1.10484625989273e-05
"window",100,80,6,500,1,0.0036,70,60,0.706284678002998,1.19292281941917,20,"oracle_local",0.0603636871118534,0.00297736454123315,0.00329319001817928
"window",100,80,6,1000,1,0.0036,70,60,0.636084792542319,1.19829746687711,1,"real_pool",0.0321441818889262,0.0221560810377783,9.97621586127023e-05
"window",100,80,6,1000,1,0.0036,70,60,0.636084792542319,1.19829746687711,1,"oracle_pool",0.0321441818889262,0.0300593273363593,4.34661850535916e-06
"window",100,80,6,1000,1,0.0036,70,60,0.636084792542319,1.19829746687711,1,"oracle_local",0.0321441818889262,0.024315057899993,6.12951824340897e-05
"window",100,80,6,1000,1,0.0036,70,60,0.758754373252495,1.19599078476905,2,"real_pool",0.353285054014158,0.331283887677839,0.000484051320158381
"window",100,80,6,1000,1,0.0036,70,60,0.758754373252495,1.19599078476905,2,"oracle_pool",0.353285054014158,0.352355094051046,8.6482553299068e-07
"window",100,80,6,1000,1,0.0036,70,60,0.758754373252495,1.19599078476905,2,"oracle_local",0.353285054014158,0.32997359151802,0.000543424283708857
"window",100,80,6,1000,1,0.0036,70,60,0.731797398720656,1.29973731533206,3,"real_pool",-0.113803496086633,-0.144853501634307,0.000964102844510578
"window",100,80,6,1000,1,0.0036,70,60,0.731797398720656,1.29973731533206,3,"oracle_pool",-0.113803496086633,-0.111457989509792,5.50140110200733e-06
"window",100,80,6,1000,1,0.0036,70,60,0.731797398720656,1.29973731533206,3,"oracle_local",-0.113803496086633,-0.147543385371836,0.00113838012897772
"window",100,80,6,1000,1,0.0036,70,60,0.73760554266126,1.19353588177912,4,"real_pool",-0.221993504587567,-0.229161816322906,5.13846931349964e-05
"window",100,80,6,1000,1,0.0036,70,60,0.73760554266126,1.19353588177912,4,"oracle_pool",-0.221993504587567,-0.222139708386576,2.1375550844545e-08
"window",100,80,6,1000,1,0.0036,70,60,0.73760554266126,1.19353588177912,4,"oracle_local",-0.221993504587567,-0.230625080460138,7.45041020439482e-05
"window",100,80,6,1000,1,0.0036,70,60,0.720561792171806,1.18522592816955,5,"real_pool",-0.253725457203775,-0.285274661759314,0.000995352308087274
"window",100,80,6,1000,1,0.0036,70,60,0.720561792171806,1.18522592816955,5,"oracle_pool",-0.253725457203775,-0.254753911964758,1.05771919539011e-06
"window",100,80,6,1000,1,0.0036,70,60,0.720561792171806,1.18522592816955,5,"oracle_local",-0.253725457203775,-0.281850862260954,0.000791038409630389
"window",100,80,6,1000,1,0.0036,70,60,0.758053992636626,1.25306569979489,6,"real_pool",0.098797794934259,0.106507985215585,5.94470341742519e-05
"window",100,80,6,1000,1,0.0036,70,60,0.758053992636626,1.25306569979489,6,"oracle_pool",0.098797794934259,0.0981527053394275,4.16140585359875e-07
"window",100,80,6,1000,1,0.0036,70,60,0.758053992636626,1.25306569979489,6,"oracle_local",0.098797794934259,0.106638252695992,6.14727779135208e-05
"window",100,80,6,1000,1,0.0036,70,60,0.654302301514847,1.30853160625752,7,"real_pool",-0.0536714623571055,-0.113206961272442,0.00354447563109798
"window",100,80,6,1000,1,0.0036,70,60,0.654302301514847,1.30853160625752,7,"oracle_pool",-0.0536714623571055,-0.0551625384857733,2.22330802148308e-06
"window",100,80,6,1000,1,0.0036,70,60,0.654302301514847,1.30853160625752,7,"oracle_local",-0.0536714623571055,-0.108690787320238,0.00302712611939878
"window",100,80,6,1000,1,0.0036,70,60,0.755613681941272,1.23797043590841,8,"real_pool",0.312965532393598,0.25263750329443,0.00363947109499004
"window",100,80,6,1000,1,0.0036,70,60,0.755613681941272,1.23797043590841,8,"oracle_pool",0.312965532393598,0.311834879824156,1.2783752327848e-06
"window",100,80,6,1000,1,0.0036,70,60,0.755613681941272,1.23797043590841,8,"oracle_local",0.312965532393598,0.251988481382696,0.00371820074998604
"window",100,80,6,1000,1,0.0036,70,60,0.743696659467595,1.24259030675951,9,"real_pool",0.342763949065396,0.293100259064452,0.00246648210450986
"window",100,80,6,1000,1,0.0036,70,60,0.743696659467595,1.24259030675951,9,"oracle_pool",0.342763949065396,0.343132710964311,1.35985338091146e-07
"window",100,80,6,1000,1,0.0036,70,60,0.743696659467595,1.24259030675951,9,"oracle_local",0.342763949065396,0.29477170964161,0.00230325504491003
"window",100,80,6,1000,1,0.0036,70,60,0.735281446781572,1.22803609717388,10,"real_pool",0.153779787483656,0.13491571179994,0.000355853351400979
"window",100,80,6,1000,1,0.0036,70,60,0.735281446781572,1.22803609717388,10,"oracle_pool",0.153779787483656,0.157121400049574,1.11663745406992e-05
"window",100,80,6,1000,1,0.0036,70,60,0.735281446781572,1.22803609717388,10,"oracle_local",0.153779787483656,0.134556186776722,0.000369546824139643
"window",100,80,6,1000,1,0.0036,70,60,0.658806515128877,1.16269264631461,11,"real_pool",0.170624400730348,0.240143681185753,0.00483293035503725
"window",100,80,6,1000,1,0.0036,70,60,0.658806515128877,1.16269264631461,11,"oracle_pool",0.170624400730348,0.172396680379984,3.1409751565141e-06
"window",100,80,6,1000,1,0.0036,70,60,0.658806515128877,1.16269264631461,11,"oracle_local",0.170624400730348,0.242405721833689,0.00515255805934093
"window",100,80,6,1000,1,0.0036,70,60,0.70586465411366,1.24347044282868,12,"real_pool",-0.206246472243113,-0.215083670720964,7.80960769369173e-05
"window",100,80,6,1000,1,0.0036,70,60,0.70586465411366,1.24347044282868,12,"oracle_pool",-0.206246472243113,-0.208832022466805,6.6850699592296e-06
"window",100,80,6,1000,1,0.0036,70,60,0.70586465411366,1.24347044282868,12,"oracle_local",-0.206246472243113,-0.213964332567751,5.95653679906184e-05
"window",100,80,6,1000,1,0.0036,70,60,0.780467960205762,1.19429760392842,13,"real_pool",0.099220364183537,0.082989274232349,0.000263448281003557
"window",100,80,6,1000,1,0.0036,70,60,0.780467960205762,1.19429760392842,13,"oracle_pool",0.099220364183537,0.101896404861039,7.16119370764709e-06
"window",100,80,6,1000,1,0.0036,70,60,0.780467960205762,1.19429760392842,13,"oracle_local",0.099220364183537,0.0809320378678019,0.000334462879430807
"window",100,80,6,1000,1,0.0036,70,60,0.604122403333669,1.26642821345245,14,"real_pool",-0.075272554178558,-0.0832963219372961,6.43808490461644e-05
"window",100,80,6,1000,1,0.0036,70,60,0.604122403333669,1.26642821345245,14,"oracle_pool",-0.075272554178558,-0.0727415257798865,6.40610475488156e-06
"window",100,80,6,1000,1,0.0036,70,60,0.604122403333669,1.26642821345245,14,"oracle_local",-0.075272554178558,-0.087223079221898,0.000142815048811496
"window",100,80,6,1000,1,0.0036,70,60,0.631417971010335,1.25082362409176,15,"real_pool",-0.273779411447216,-0.207863536069603,0.00434490262679704
"window",100,80,6,1000,1,0.0036,70,60,0.631417971010335,1.25082362409176,15,"oracle_pool",-0.273779411447216,-0.277171260389745,1.15046392489383e-05
"window",100,80,6,1000,1,0.0036,70,60,0.631417971010335,1.25082362409176,15,"oracle_local",-0.273779411447216,-0.206858623894948,0.00447839180661573
"window",100,80,6,1000,1,0.0036,70,60,0.448708505981832,1.26492574196283,16,"real_pool",-0.0596608385429834,-0.081276121821397,0.000467220471206069
"window",100,80,6,1000,1,0.0036,70,60,0.448708505981832,1.26492574196283,16,"oracle_pool",-0.0596608385429834,-0.0595631705558072,9.53903571904448e-09
"window",100,80,6,1000,1,0.0036,70,60,0.448708505981832,1.26492574196283,16,"oracle_local",-0.0596608385429834,-0.0800584408511465,0.00041606217992198
"window",100,80,6,1000,1,0.0036,70,60,0.68588654983019,1.22661256580412,17,"real_pool",0.253566883263363,0.234923839417051,0.000347563083855513
"window",100,80,6,1000,1,0.0036,70,60,0.68588654983019,1.22661256580412,17,"oracle_pool",0.253566883263363,0.252813458525697,5.67648835328148e-07
"window",100,80,6,1000,1,0.0036,70,60,0.68588654983019,1.22661256580412,17,"oracle_local",0.253566883263363,0.239424313559834,0.00020001227781919
"window",100,80,6,1000,1,0.0036,70,60,0.721553320950968,1.30426882090267,18,"real_pool",-0.485958155607398,-0.495063565290426,8.29084854957766e-05
"window",100,80,6,1000,1,0.0036,70,60,0.721553320950968,1.30426882090267,18,"oracle_pool",-0.485958155607398,-0.485396979948486,3.1491812015576e-07
"window",100,80,6,1000,1,0.0036,70,60,0.721553320950968,1.30426882090267,18,"oracle_local",-0.485958155607398,-0.498828442311868,0.000165644279855266
"window",100,80,6,1000,1,0.0036,70,60,0.630381878697792,1.23996172441285,19,"real_pool",-0.0355970990720526,-0.052790640855117,0.000295617879045982
"window",100,80,6,1000,1,0.0036,70,60,0.630381878697792,1.23996172441285,19,"oracle_pool",-0.0355970990720526,-0.0339556411026906,2.694384265182e-06
"window",100,80,6,1000,1,0.0036,70,60,0.630381878697792,1.23996172441285,19,"oracle_local",-0.0355970990720526,-0.0558426553489364,0.000409882548960468
"window",100,80,6,1000,1,0.0036,70,60,0.782934340642924,1.20590838594046,20,"real_pool",0.138366158933826,0.196660208100007,0.00339819616818915
"window",100,80,6,1000,1,0.0036,70,60,0.782934340642924,1.20590838594046,20,"oracle_pool",0.138366158933826,0.13734191988741,1.04906562420308e-06
"window",100,80,6,1000,1,0.0036,70,60,0.782934340642924,1.20590838594046,20,"oracle_local",0.138366158933826,0.194705448939037,0.00317411559829136
