"scenario","N","T","r","K","x_val","SNR_target","method","MSE","SD","SE","n"
"fixed_x_window",200,200,6,100,79,1,"oracle_local",0.00265235273575718,0.00368870807889867,0.000824820201357007,20
"fixed_x_window",200,200,6,100,89,1,"oracle_local",0.00213539159398566,0.00264423040106158,0.000591267892494524,20
"fixed_x_window",200,200,6,100,99,1,"oracle_local",0.00189983307500321,0.00215800648214204,0.000482544918995478,20
"fixed_x_window",200,200,6,100,109,1,"oracle_local",0.000847521917543254,0.0014452701353698,0.000323172226853719,20
"fixed_x_window",200,200,6,100,119,1,"oracle_local",0.00152863772235173,0.00298806638077544,0.000668151954869565,20
"fixed_x_window",200,200,6,100,129,1,"oracle_local",0.000754165593054663,0.00142723485758389,0.000319139416141481,20
"fixed_x_window",200,200,6,100,139,1,"oracle_local",0.000560951116203279,0.000913987953597133,0.000204373919485911,20
"fixed_x_window",200,200,6,100,149,1,"oracle_local",0.000434171294392695,0.00057166292284999,0.00012782771557088,20
"fixed_x_window",200,200,6,100,159,1,"oracle_local",0.000251707613756354,0.000287935056043662,6.4384235841884e-05,20
"fixed_x_window",200,200,6,100,169,1,"oracle_local",0.000199235442005291,0.000246625638803322,5.51471693358538e-05,20
"fixed_x_window",200,200,6,100,179,1,"oracle_local",9.38696805815007e-05,0.000119055113229113,2.66215326249231e-05,20
"fixed_x_window",200,200,6,100,189,1,"oracle_local",2.42559684718764e-05,2.92293989032944e-05,6.5358922889224e-06,20
"fixed_x_window",200,200,6,100,199,1,"oracle_local",1.09718917212357e-06,1.4793711316296e-06,3.30797441427458e-07,20
"fixed_x_window",200,200,6,100,79,100,"oracle_local",0.558551512180246,1.00564858157876,0.224869858988634,20
"fixed_x_window",200,200,6,100,89,100,"oracle_local",0.317573958173701,0.514082848852426,0.114952419610077,20
"fixed_x_window",200,200,6,100,99,100,"oracle_local",0.144750497256108,0.15869993764023,0.0354863848588531,20
"fixed_x_window",200,200,6,100,109,100,"oracle_local",0.0981977238833645,0.114255579075786,0.025548324162206,20
"fixed_x_window",200,200,6,100,119,100,"oracle_local",0.090755580898026,0.0837034607130658,0.0187166628106398,20
"fixed_x_window",200,200,6,100,129,100,"oracle_local",0.0919108092924588,0.113773412106685,0.0254405083502644,20
"fixed_x_window",200,200,6,100,139,100,"oracle_local",0.0551827835578774,0.0616428512327223,0.0137837605683274,20
"fixed_x_window",200,200,6,100,149,100,"oracle_local",0.0190748338466431,0.0343679935713524,0.00768491698758196,20
"fixed_x_window",200,200,6,100,159,100,"oracle_local",0.0165218409531928,0.0186766316922764,0.00417622180546569,20
"fixed_x_window",200,200,6,100,169,100,"oracle_local",0.0123125135101307,0.0146281321974758,0.00327094979774093,20
"fixed_x_window",200,200,6,100,179,100,"oracle_local",0.00831406600093982,0.00800478737244478,0.00178992487102185,20
"fixed_x_window",200,200,6,100,189,100,"oracle_local",0.0035839816238756,0.0029237499861101,0.000653770371815624,20
"fixed_x_window",200,200,6,100,199,100,"oracle_local",0.000170871375435471,0.000231544875808158,5.17750082148787e-05,20
"fixed_x_window",200,200,6,100,79,1,"real_pool",0.00266117361810837,0.00319838233188231,0.000715180031212314,20
"fixed_x_window",200,200,6,100,89,1,"real_pool",0.00201288631519914,0.00218172158047708,0.000487847776192503,20
"fixed_x_window",200,200,6,100,99,1,"real_pool",0.00178691373676675,0.0021075031838273,0.000471252038183508,20
"fixed_x_window",200,200,6,100,109,1,"real_pool",0.000989341947017955,0.00167137091612103,0.000373729898406273,20
"fixed_x_window",200,200,6,100,119,1,"real_pool",0.00158470546721699,0.00289900660807433,0.000648237584287528,20
"fixed_x_window",200,200,6,100,129,1,"real_pool",0.000759003476534199,0.00163306941173839,0.000365165421662264,20
"fixed_x_window",200,200,6,100,139,1,"real_pool",0.000635477224458624,0.00112814625716196,0.00025226117195761,20
"fixed_x_window",200,200,6,100,149,1,"real_pool",0.000472085260117135,0.000566873634848455,0.000126756798217354,20
"fixed_x_window",200,200,6,100,159,1,"real_pool",0.000272081514205971,0.000282674562437221,6.32079537119636e-05,20
"fixed_x_window",200,200,6,100,169,1,"real_pool",0.000192584199309591,0.000242645039856875,5.42570803523119e-05,20
"fixed_x_window",200,200,6,100,179,1,"real_pool",8.98026633624769e-05,0.00012555518556059,2.80749929841079e-05,20
"fixed_x_window",200,200,6,100,189,1,"real_pool",3.31044169461868e-05,3.69636306484303e-05,8.26531908250848e-06,20
"fixed_x_window",200,200,6,100,199,1,"real_pool",3.35798830680474e-06,4.08837269176629e-06,9.14187925614321e-07,20
"fixed_x_window",200,200,6,100,79,100,"real_pool",0.2142665207759,0.227523581952355,0.050875819572971,20
"fixed_x_window",200,200,6,100,89,100,"real_pool",0.126213232560138,0.146336298705482,0.0327217911481172,20
"fixed_x_window",200,200,6,100,99,100,"real_pool",0.107480784625827,0.0877951915045697,0.019631601630183,20
"fixed_x_window",200,200,6,100,109,100,"real_pool",0.0984138714709011,0.119193228813567,0.0266524162084823,20
"fixed_x_window",200,200,6,100,119,100,"real_pool",0.137234463911752,0.12513351119414,0.0279807037293327,20
"fixed_x_window",200,200,6,100,129,100,"real_pool",0.0874635106130004,0.125938471081848,0.0281606982321403,20
"fixed_x_window",200,200,6,100,139,100,"real_pool",0.0432993831434744,0.046222410625102,0.0103356452241637,20
"fixed_x_window",200,200,6,100,149,100,"real_pool",0.0462615905329325,0.0477950667475067,0.0106873018236565,20
"fixed_x_window",200,200,6,100,159,100,"real_pool",0.0469083914759105,0.0406039092391736,0.00907931012110239,20
"fixed_x_window",200,200,6,100,169,100,"real_pool",0.0226605014532072,0.0201132718676041,0.00449746431458969,20
"fixed_x_window",200,200,6,100,179,100,"real_pool",0.0191153628574317,0.0233908576907452,0.005230354784853,20
"fixed_x_window",200,200,6,100,189,100,"real_pool",0.00323591967527563,0.00501878860154271,0.00112223524777506,20
"fixed_x_window",200,200,6,100,199,100,"real_pool",0.000854102245596402,0.00114363550002651,0.000255724671954124,20
